document,period,pages_reviewed_or_screened,status,scope,source
Millstadt EMS Annual Budget Pro Forma,Average annual 911 service budget,1–8,Detailed review,"All 8 pages read; tax assumption, gaps, employer costs, debt and arrears treatment checked; key pages visually verified; live download identical.",https://millstadtems.org/financial-transparency/budgets/millstadt-ems-annual-budget-pro-forma.pdf
Annual Audit — FY 2024–2025,"May 1, 2024 through April 30, 2025",1–22,Detailed review,"Opinion, statements and notes read; website figures checked on PDF images 6–8; live download identical.",https://millstadtems.org/financial-transparency/audits/annual-audit-fy-2024-2025.pdf
Annual Audit — FY 2023–2024,"May 1, 2023 through April 30, 2024",1–21,Detailed review,"Statements, cash flows, opinion and liquidity notes reviewed for comparative financial context; not a current forecast.",https://millstadtems.org/financial-transparency/audits/annual-audit-fy-2023-2024.pdf
Annual Audit — FY 2022–2023,"May 1, 2022 through April 30, 2023",1–20,Detailed review,"Statements, cash flows, opinion and liquidity notes reviewed for comparative financial context; not a current forecast.",https://millstadtems.org/financial-transparency/audits/annual-audit-fy-2022-2023.pdf
Annual Audit — FY 2018–2019,"May 1, 2018 through April 30, 2019",1–38,Screened,Full-document OCR/text screening; historical material is not a current cash forecast. Not every historical digit independently validated.,https://millstadtems.org/financial-transparency/audits/annual-audit-fy-2018-2019.pdf
Annual Audit — FY 2017–2018,"May 1, 2017 through April 30, 2018",1–38,Screened,Full-document OCR/text screening; historical material is not a current cash forecast. Not every historical digit independently validated.,https://millstadtems.org/financial-transparency/audits/annual-audit-fy-2017-2018.pdf
Annual Audit — FY 2015–2016,"May 1, 2015 through April 30, 2016",1–42,Screened,Full-document OCR/text screening; historical material is not a current cash forecast. Not every historical digit independently validated.,https://millstadtems.org/financial-transparency/audits/annual-audit-fy-2015-2016.pdf
Annual Audit — FY 2014–2015,"May 1, 2014 through April 30, 2015",1–24,Screened,Full-document OCR/text screening; historical material is not a current cash forecast. Not every historical digit independently validated.,https://millstadtems.org/financial-transparency/audits/annual-audit-fy-2014-2015.pdf
Annual Audit — FY 2013–2014,"May 1, 2013 through April 30, 2014",1–22,Screened,Full-document OCR/text screening; historical material is not a current cash forecast. Not every historical digit independently validated.,https://millstadtems.org/financial-transparency/audits/annual-audit-fy-2013-2014.pdf
Annual Audit — FY 2012–2013,"May 1, 2012 through April 30, 2013",1–22,Screened,Full-document OCR/text screening; historical material is not a current cash forecast. Not every historical digit independently validated.,https://millstadtems.org/financial-transparency/audits/annual-audit-fy-2012-2013.pdf
Annual Audit — FY 2011–2012,"May 1, 2011 through April 30, 2012",1–26,Screened,Full-document OCR/text screening; historical material is not a current cash forecast. Not every historical digit independently validated.,https://millstadtems.org/financial-transparency/audits/annual-audit-fy-2011-2012.pdf
Annual Audit — FY 2010–2011,"May 1, 2010 through April 30, 2011",1–28,Screened,Full-document OCR/text screening; historical material is not a current cash forecast. Not every historical digit independently validated.,https://millstadtems.org/financial-transparency/audits/annual-audit-fy-2010-2011.pdf
Annual Audit — FY 2008–2009,"May 1, 2008 through April 30, 2009",1–26,Screened,Full-document OCR/text screening; historical material is not a current cash forecast. Not every historical digit independently validated.,https://millstadtems.org/financial-transparency/audits/annual-audit-fy-2008-2009.pdf
Annual Audit — FY 2007–2008,"May 1, 2007 through April 30, 2008",1–28,Screened,Full-document OCR/text screening; historical material is not a current cash forecast. Not every historical digit independently validated.,https://millstadtems.org/financial-transparency/audits/annual-audit-fy-2007-2008.pdf
Annual Audit — FY 2006–2007,"May 1, 2006 through April 30, 2007",1–26,Screened,Full-document OCR/text screening; historical material is not a current cash forecast. Not every historical digit independently validated.,https://millstadtems.org/financial-transparency/audits/annual-audit-fy-2006-2007.pdf
Annual Audit — FY 2005–2006,"May 1, 2005 through April 30, 2006",1–26,Screened,Full-document OCR/text screening; historical material is not a current cash forecast. Not every historical digit independently validated.,https://millstadtems.org/financial-transparency/audits/annual-audit-fy-2005-2006.pdf
Annual Audit — FY 2001–2002,"May 1, 2001 through April 30, 2002",1–28,Screened,Full-document OCR/text screening; historical material is not a current cash forecast. Not every historical digit independently validated.,https://millstadtems.org/financial-transparency/audits/annual-audit-fy-2001-2002.pdf
Annual Audit — FY 2000–2001,"May 1, 2000 through April 30, 2001",1–26,Screened,Full-document OCR/text screening; historical material is not a current cash forecast. Not every historical digit independently validated.,https://millstadtems.org/financial-transparency/audits/annual-audit-fy-2000-2001.pdf
Annual Audit — FY 1999–2000,"May 1, 1999 through April 30, 2000",1–26,Screened,Full-document OCR/text screening; historical material is not a current cash forecast. Not every historical digit independently validated.,https://millstadtems.org/financial-transparency/audits/annual-audit-fy-1999-2000.pdf
Annual Audit — FY 1998–1999,"May 1, 1998 through April 30, 1999",1–27,Screened,Full-document OCR/text screening; historical material is not a current cash forecast. Not every historical digit independently validated.,https://millstadtems.org/financial-transparency/audits/annual-audit-fy-1998-1999.pdf
Annual Audit — FY 1997–1998,"May 1, 1997 through April 30, 1998",1–22,Screened,Full-document OCR/text screening; historical material is not a current cash forecast. Not every historical digit independently validated.,https://millstadtems.org/financial-transparency/audits/annual-audit-fy-1997-1998.pdf
Annual Audit — FY 1996–1997,"May 1, 1996 through April 30, 1997",1–22,Screened,Full-document OCR/text screening; historical material is not a current cash forecast. Not every historical digit independently validated.,https://millstadtems.org/financial-transparency/audits/annual-audit-fy-1996-1997.pdf
Annual Audit — FY 1995–1996,"May 1, 1995 through April 30, 1996",1–22,Screened,Full-document OCR/text screening; historical material is not a current cash forecast. Not every historical digit independently validated.,https://millstadtems.org/financial-transparency/audits/annual-audit-fy-1995-1996.pdf
Annual Audit — FY 1994–1995,"May 1, 1994 through April 30, 1995",1–22,Screened,Full-document OCR/text screening; historical material is not a current cash forecast. Not every historical digit independently validated.,https://millstadtems.org/financial-transparency/audits/annual-audit-fy-1994-1995.pdf
Annual Audit — FY 1993–1994,"May 1, 1993 through April 30, 1994",1–22,Screened,Full-document OCR/text screening; historical material is not a current cash forecast. Not every historical digit independently validated.,https://millstadtems.org/financial-transparency/audits/annual-audit-fy-1993-1994.pdf
Annual Audit — FY 1992–1993,"May 1, 1992 through April 30, 1993",1–20,Screened,Full-document OCR/text screening; historical material is not a current cash forecast. Not every historical digit independently validated.,https://millstadtems.org/financial-transparency/audits/annual-audit-fy-1992-1993.pdf
Annual Audit — FY 1991–1992,"May 1, 1991 through April 30, 1992",1–22,Screened,Full-document OCR/text screening; historical material is not a current cash forecast. Not every historical digit independently validated.,https://millstadtems.org/financial-transparency/audits/annual-audit-fy-1991-1992.pdf
Annual Audit — FY 1990–1991,"May 1, 1990 through April 30, 1991",1–26,Screened,Full-document OCR/text screening; historical material is not a current cash forecast. Not every historical digit independently validated.,https://millstadtems.org/financial-transparency/audits/annual-audit-fy-1990-1991.pdf
Annual Audit — FY 1989–1990,"May 1, 1989 through April 30, 1990",1–24,Screened,Full-document OCR/text screening; historical material is not a current cash forecast. Not every historical digit independently validated.,https://millstadtems.org/financial-transparency/audits/annual-audit-fy-1989-1990.pdf
Annual Audit — FY 1988–1989,"May 1, 1988 through April 30, 1989",1–18,Screened,Full-document OCR/text screening; historical material is not a current cash forecast. Not every historical digit independently validated.,https://millstadtems.org/financial-transparency/audits/annual-audit-fy-1988-1989.pdf
Annual Audit — FY 1987–1988,"May 1, 1987 through April 30, 1988",1–10,Screened,Full-document OCR/text screening; historical material is not a current cash forecast. Not every historical digit independently validated.,https://millstadtems.org/financial-transparency/audits/annual-audit-fy-1987-1988.pdf
Annual Audit — FY 1986–1987,"May 1, 1986 through April 30, 1987",1–10,Screened,Full-document OCR/text screening; historical material is not a current cash forecast. Not every historical digit independently validated.,https://millstadtems.org/financial-transparency/audits/annual-audit-fy-1986-1987.pdf
Annual Audit — FY 1985–1986,"May 1, 1985 through April 30, 1986",1–12,Screened,Full-document OCR/text screening; historical material is not a current cash forecast. Not every historical digit independently validated.,https://millstadtems.org/financial-transparency/audits/annual-audit-fy-1985-1986.pdf
Annual Audit — FY 1983–1984,"May 1, 1983 through April 30, 1984",1–12,Screened,Full-document OCR/text screening; historical material is not a current cash forecast. Not every historical digit independently validated.,https://millstadtems.org/financial-transparency/audits/annual-audit-fy-1983-1984.pdf
Annual Audit — FY 1981–1982,"May 1, 1981 through April 30, 1982",1–7,Screened,Full-document OCR/text screening; historical material is not a current cash forecast. Not every historical digit independently validated.,https://millstadtems.org/financial-transparency/audits/annual-audit-fy-1981-1982.pdf
2025 FDMI Settlement Sheet - Millstadt Fire Protection District,Tax year 2025,1–1,Reviewed,Corporate/ambulance combined distributions distinguished from annual ambulance extension.,https://millstadtems.org/financial-transparency/settlement-sheets/fdmi-settlement-sheet-tax-year-2025.pdf
2026 State of Illinois Domestic Corporation Annual Report,Annual report year 2026,1–2,Reviewed,"Corporate, charitable-registration or exemption status read for the stated dates; not evidence of solvency or service guarantees.",https://millstadtems.org/financial-transparency/records/2026-state-of-illinois-domestic-corporation-annual-report.pdf
ILAG Letter of Good Standing,"As of September 24, 2026",1–1,Reviewed,"Corporate, charitable-registration or exemption status read for the stated dates; not evidence of solvency or service guarantees.",https://millstadtems.org/financial-transparency/records/ilag-letter-of-good-standing-2026-09-24.pdf
Illinois Certificate of Good Standing,"As of August 31, 2026",1–1,Reviewed,"Corporate, charitable-registration or exemption status read for the stated dates; not evidence of solvency or service guarantees.",https://millstadtems.org/financial-transparency/records/illinois-certificate-of-good-standing-2026-08-31.pdf
Money Market Account 01/31/2023 - 08/31/2026,"January 31, 2023 through August 31, 2026",1–47,Detailed review,All statement months/activity screened; dated balance comparison checked on images; temporary returned transfers identified; live download identical.,https://millstadtems.org/financial-transparency/bank-statements/money-market-account-2023-01-31-to-2026-08-31.pdf
IRS Reinstatement,"Effective September 15, 2025",1–2,Reviewed,"Corporate, charitable-registration or exemption status read for the stated dates; not evidence of solvency or service guarantees.",https://millstadtems.org/financial-transparency/records/irs-reinstatement.pdf
Tax Computation Report - 2025,Tax year 2025,57,Reviewed,"Millstadt FDMI / 064 Ambulance page extracted; rate, local maximum, EAV, request and extension reconciled to posted figures",https://www.stclaircountyil.gov/webdocuments/departments/countyclerk/taxextensions/2025%20Tax%20Computation%20Reports.pdf
Tax Computation Report - 2024,Tax year 2024,55,Reviewed,"Millstadt FDMI / 064 Ambulance page extracted; rate, local maximum, EAV, request and extension reconciled to posted figures",https://www.stclaircountyil.gov/webdocuments/departments/countyclerk/taxextensions/2024%20Tax%20Computation%20Reports.pdf
Tax Computation Report - 2023,Tax year 2023,55,Reviewed,"Millstadt FDMI / 064 Ambulance page extracted; rate, local maximum, EAV, request and extension reconciled to posted figures",https://www.stclaircountyil.gov/webdocuments/departments/countyclerk/taxextensions/2023%20Tax%20Computation%20Reports.pdf
Tax Computation Report - 2022,Tax year 2022,55,Reviewed,"Millstadt FDMI / 064 Ambulance page extracted; rate, local maximum, EAV, request and extension reconciled to posted figures",https://www.stclaircountyil.gov/webdocuments/departments/countyclerk/taxextensions/2022%20Tax%20Computation%20Reports.pdf
Tax Computation Report - 2021,Tax year 2021,55,Reviewed,"Millstadt FDMI / 064 Ambulance page extracted; rate, local maximum, EAV, request and extension reconciled to posted figures",https://www.stclaircountyil.gov/webdocuments/departments/countyclerk/taxextensions/2021%20Tax%20Computation%20report.pdf
Tax Computation Report - 2020,Tax year 2020,55,Reviewed,"Millstadt FDMI / 064 Ambulance page extracted; rate, local maximum, EAV, request and extension reconciled to posted figures",https://www.stclaircountyil.gov/webdocuments/departments/countyclerk/taxextensions/2020%20Tax%20Computation%20Report.pdf
Tax Computation Report - 2019,Tax year 2019,55,Reviewed,"Millstadt FDMI / 064 Ambulance page extracted; rate, local maximum, EAV, request and extension reconciled to posted figures",https://www.stclaircountyil.gov/webdocuments/departments/countyclerk/taxextensions/TaxComputationReport2019taxyear.pdf
Tax Computation Report - 2018,Tax year 2018,55,Reviewed,"Millstadt FDMI / 064 Ambulance page extracted; rate, local maximum, EAV, request and extension reconciled to posted figures",https://www.stclaircountyil.gov/webdocuments/departments/countyclerk/taxextensions/2018TaxComputationReport.pdf
Tax Computation Report - 2017,Tax year 2017,55,Reviewed,"Millstadt FDMI / 064 Ambulance page extracted; rate, local maximum, EAV, request and extension reconciled to posted figures",https://www.stclaircountyil.gov/webdocuments/departments/countyclerk/taxextensions/2017TaxComputationReport.pdf
Tax Computation Report - 2016,Tax year 2016,54,Reviewed,"Millstadt FDMI / 064 Ambulance page extracted; rate, local maximum, EAV, request and extension reconciled to posted figures",https://www.stclaircountyil.gov/webdocuments/departments/countyclerk/taxextensions/TaxComputationReport2016.pdf
Tax Computation Report - 2015,Tax year 2015,55,Reviewed,"Millstadt FDMI / 064 Ambulance page extracted; rate, local maximum, EAV, request and extension reconciled to posted figures",https://www.stclaircountyil.gov/webdocuments/departments/countyclerk/taxextensions/TaxComputationReport2015.pdf
Tax Computation Report - 2014,Tax year 2014,55,Reviewed,"Millstadt FDMI / 064 Ambulance page extracted; rate, local maximum, EAV, request and extension reconciled to posted figures",https://www.stclaircountyil.gov/webdocuments/departments/countyclerk/taxextensions/2014%20Tax%20Computation%20Report.pdf
Tax Computation Report - 2013,Tax year 2013,55,Reviewed,"Millstadt FDMI / 064 Ambulance page extracted; rate, local maximum, EAV, request and extension reconciled to posted figures",https://www.stclaircountyil.gov/webdocuments/departments/countyclerk/taxextensions/2013%20Tax%20Computation%20Report.pdf
Tax Computation Report - 2012,Tax year 2012,55,Reviewed,"Millstadt FDMI / 064 Ambulance page extracted; rate, local maximum, EAV, request and extension reconciled to posted figures",https://www.stclaircountyil.gov/webdocuments/departments/countyclerk/taxextensions/2012%20Tax%20Computation%20Report.pdf
Tax Computation Report - 2011,Tax year 2011,55,Reviewed,"Millstadt FDMI / 064 Ambulance page extracted; rate, local maximum, EAV, request and extension reconciled to posted figures",https://www.stclaircountyil.gov/webdocuments/departments/countyclerk/taxextensions/2011%20Tax%20Computation%20Report.pdf
Tax Computation Report - 2010,Tax year 2010,56,Reviewed,"Millstadt FDMI / 064 Ambulance page extracted; rate, local maximum, EAV, request and extension reconciled to posted figures",https://www.stclaircountyil.gov/webdocuments/departments/countyclerk/taxextensions/2010%20Tax%20Computation%20Report.pdf
Tax Computation Report - 2009,Tax year 2009,56,Reviewed,"Millstadt FDMI / 064 Ambulance page extracted; rate, local maximum, EAV, request and extension reconciled to posted figures",https://www.stclaircountyil.gov/webdocuments/departments/countyclerk/taxextensions/2009%20Tax%20Computation%20Report.pdf
Tax Computation Report - 2008,Tax year 2008,56,Reviewed,"Millstadt FDMI / 064 Ambulance page extracted; rate, local maximum, EAV, request and extension reconciled to posted figures",https://www.stclaircountyil.gov/webdocuments/departments/countyclerk/taxextensions/2008%20Tax%20Computation%20Report.pdf
Tax Computation Report - 2007,Tax year 2007,56,Reviewed,"Millstadt FDMI / 064 Ambulance page extracted; rate, local maximum, EAV, request and extension reconciled to posted figures",https://www.stclaircountyil.gov/webdocuments/departments/countyclerk/taxextensions/2007%20Tax%20Computation%20Report.pdf
Tax Computation Report - 2006,Tax year 2006,56,Reviewed,"Millstadt FDMI / 064 Ambulance page extracted; rate, local maximum, EAV, request and extension reconciled to posted figures",https://www.stclaircountyil.gov/webdocuments/departments/countyclerk/taxextensions/2006%20Tax%20Computation%20Report.pdf
Tax Computation Report - 2005,Tax year 2005,56,Reviewed,"Millstadt FDMI / 064 Ambulance page extracted; rate, local maximum, EAV, request and extension reconciled to posted figures",https://www.stclaircountyil.gov/webdocuments/departments/countyclerk/taxextensions/2005%20Tax%20Computation%20Report.pdf
Tax Computation Report - 2004,Tax year 2004,56,Reviewed,"Millstadt FDMI / 064 Ambulance page extracted; rate, local maximum, EAV, request and extension reconciled to posted figures",https://www.stclaircountyil.gov/webdocuments/departments/countyclerk/taxextensions/2004%20Tax%20Computation%20Report.pdf
Form 990 - FY ending April 2025,"Fiscal year ending April 30, 2025",1–30,Reviewed,Financial summaries and filing context screened; latest 2025 totals reconciled to audited statements.,https://millstadtems.org/financial-transparency/form-990/form-990-fy-ending-2025.pdf
Form 990 - FY ending April 2024,"Fiscal year ending April 30, 2024",1–31,Reviewed,Financial summaries and filing context screened; latest 2025 totals reconciled to audited statements.,https://millstadtems.org/financial-transparency/form-990/form-990-fy-ending-2024.pdf
Form 990 - FY ending April 2023,"Fiscal year ending April 30, 2023",1–33,Reviewed,Financial summaries and filing context screened; latest 2025 totals reconciled to audited statements.,https://millstadtems.org/financial-transparency/form-990/form-990-fy-ending-2023.pdf
Form 990 - FY ending April 2022,"Fiscal year ending April 30, 2022",1–34,Reviewed,Financial summaries and filing context screened; latest 2025 totals reconciled to audited statements.,https://millstadtems.org/financial-transparency/form-990/form-990-fy-ending-2022.pdf
Form 990 - FY ending April 2021,"Fiscal year ending April 30, 2021",1–28,Screened,Full-document OCR/text screening; historical material is not a current cash forecast. Not every historical digit independently validated.,https://millstadtems.org/financial-transparency/form-990/form-990-fy-ending-2021.pdf
Form 990 - FY ending April 2020,"Fiscal year ending April 30, 2020",1–30,Screened,Full-document OCR/text screening; historical material is not a current cash forecast. Not every historical digit independently validated.,https://millstadtems.org/financial-transparency/form-990/form-990-fy-ending-2020.pdf
Form 990 - FY ending April 2019,"Fiscal year ending April 30, 2019",1–30,Screened,Full-document OCR/text screening; historical material is not a current cash forecast. Not every historical digit independently validated.,https://millstadtems.org/financial-transparency/form-990/form-990-fy-ending-2019.pdf
Form 990 - FY ending April 2017,"Fiscal year ending April 30, 2017",1–30,Screened,Full-document OCR/text screening; historical material is not a current cash forecast. Not every historical digit independently validated.,https://millstadtems.org/financial-transparency/form-990/form-990-fy-ending-2017.pdf
Form 990 - FY ending April 2016,"Fiscal year ending April 30, 2016",1–31,Screened,Full-document OCR/text screening; historical material is not a current cash forecast. Not every historical digit independently validated.,https://millstadtems.org/financial-transparency/form-990/form-990-fy-ending-2016.pdf
Form 990 - FY ending April 2015,"Fiscal year ending April 30, 2015",1–31,Screened,Full-document OCR/text screening; historical material is not a current cash forecast. Not every historical digit independently validated.,https://millstadtems.org/financial-transparency/form-990/form-990-fy-ending-2015.pdf
Form 990 - FY ending April 2014,"Fiscal year ending April 30, 2014",1–28,Screened,Full-document OCR/text screening; historical material is not a current cash forecast. Not every historical digit independently validated.,https://millstadtems.org/financial-transparency/form-990/form-990-fy-ending-2014.pdf
Form 990 - FY ending April 2013,"Fiscal year ending April 30, 2013",1–31,Screened,Full-document OCR/text screening; historical material is not a current cash forecast. Not every historical digit independently validated.,https://millstadtems.org/financial-transparency/form-990/form-990-fy-ending-2013.pdf
Form 990 - FY ending April 2012,"Fiscal year ending April 30, 2012",1–30,Screened,Full-document OCR/text screening; historical material is not a current cash forecast. Not every historical digit independently validated.,https://millstadtems.org/financial-transparency/form-990/form-990-fy-ending-2012.pdf
Form 990 - FY ending April 2011,"Fiscal year ending April 30, 2011",1–28,Screened,Full-document OCR/text screening; historical material is not a current cash forecast. Not every historical digit independently validated.,https://millstadtems.org/financial-transparency/form-990/form-990-fy-ending-2011.pdf
Form 990 - FY ending April 2010,"Fiscal year ending April 30, 2010",1–30,Screened,Full-document OCR/text screening; historical material is not a current cash forecast. Not every historical digit independently validated.,https://millstadtems.org/financial-transparency/form-990/form-990-fy-ending-2010.pdf
Form 990 - FY ending April 2009,"Fiscal year ending April 30, 2009",1–30,Screened,Full-document OCR/text screening; historical material is not a current cash forecast. Not every historical digit independently validated.,https://millstadtems.org/financial-transparency/form-990/form-990-fy-ending-2009.pdf
Form 990 - FY ending April 2008,"Fiscal year ending April 30, 2008",1–24,Screened,Full-document OCR/text screening; historical material is not a current cash forecast. Not every historical digit independently validated.,https://millstadtems.org/financial-transparency/form-990/form-990-fy-ending-2008.pdf
Form 990 - FY ending April 2007,"Fiscal year ending April 30, 2007",1–24,Screened,Full-document OCR/text screening; historical material is not a current cash forecast. Not every historical digit independently validated.,https://millstadtems.org/financial-transparency/form-990/form-990-fy-ending-2007.pdf
Form 990 - FY ending April 2006,"Fiscal year ending April 30, 2006",1–22,Screened,Full-document OCR/text screening; historical material is not a current cash forecast. Not every historical digit independently validated.,https://millstadtems.org/financial-transparency/form-990/form-990-fy-ending-2006.pdf
Form 990 - FY ending April 2005,"Fiscal year ending April 30, 2005",1–17,Screened,Full-document OCR/text screening; historical material is not a current cash forecast. Not every historical digit independently validated.,https://millstadtems.org/financial-transparency/form-990/form-990-fy-ending-2005.pdf
Form 990 - FY ending April 2004,"Fiscal year ending April 30, 2004",1–15,Screened,Full-document OCR/text screening; historical material is not a current cash forecast. Not every historical digit independently validated.,https://millstadtems.org/financial-transparency/form-990/form-990-fy-ending-2004.pdf
Form 990 - FY ending April 2003,"Fiscal year ending April 30, 2003",1–15,Screened,Full-document OCR/text screening; historical material is not a current cash forecast. Not every historical digit independently validated.,https://millstadtems.org/financial-transparency/form-990/form-990-fy-ending-2003.pdf
Form 990 - FY ending April 2002,"Fiscal year ending April 30, 2002",1–15,Screened,Full-document OCR/text screening; historical material is not a current cash forecast. Not every historical digit independently validated.,https://millstadtems.org/financial-transparency/form-990/form-990-fy-ending-2002.pdf
Kenneth James FY 2025-2026 Hours and Compensation Report,Fiscal Year 2025–2026,1–3,Reviewed,Compensation totals and comparison methodology reviewed; no double counting in service-wide expenses; not an independent payroll/legal audit.,https://millstadtems.org/financial-transparency/management/kenneth-james-fy-2025-2026.pdf
Kenneth James FY 2024-2025 Hours and Compensation Report,Fiscal Year 2024–2025,1–2,Reviewed,Compensation totals and comparison methodology reviewed; no double counting in service-wide expenses; not an independent payroll/legal audit.,https://millstadtems.org/financial-transparency/management/kenneth-james-fy-2024-2025.pdf
Jennifer Goetz FY 2025-2026 Hours and Compensation Report,Fiscal Year 2025–2026,1–3,Reviewed,Compensation totals and comparison methodology reviewed; no double counting in service-wide expenses; not an independent payroll/legal audit.,https://millstadtems.org/financial-transparency/management/jennifer-goetz-fy-2025-2026.pdf
Jennifer Goetz FY 2024-2025 Hours and Compensation Report,Fiscal Year 2024–2025,1–3,Reviewed,Compensation totals and comparison methodology reviewed; no double counting in service-wide expenses; not an independent payroll/legal audit.,https://millstadtems.org/financial-transparency/management/jennifer-goetz-fy-2024-2025.pdf
